{
    "$schema": "http://schema.management.azure.com/schemas/2015-01-01/deploymentTemplate.json#",
    "contentVersion": "1.0.0.0",
    "parameters": {
        "factoryName": {
            "type": "string",
            "metadata": "Data Factory name",
            "defaultValue": "ColdStartChallenge2"
        },
        "AzureSqlDatabase1_connectionString": {
            "type": "secureString",
            "metadata": "Secure string for 'connectionString' of 'AzureSqlDatabase1'"
        },
        "HttpServer1_properties_typeProperties_url": {
            "type": "string",
            "defaultValue": "https://raw.githubusercontent.com/nealrobben/ColdStartChallenge2021_Challenge2/master/data/"
        },
        "HttpServer2_properties_typeProperties_url": {
            "type": "string",
            "defaultValue": "https://raw.githubusercontent.com/nealrobben/ColdStartChallenge2021_Challenge2/master/api/shared/"
        }
    },
    "variables": {
        "factoryId": "[concat('Microsoft.DataFactory/factories/', parameters('factoryName'))]"
    },
    "resources": [
        {
            "name": "[concat(parameters('factoryName'), '/HttpServer1')]",
            "type": "Microsoft.DataFactory/factories/linkedServices",
            "apiVersion": "2018-06-01",
            "properties": {
                "annotations": [],
                "type": "HttpServer",
                "typeProperties": {
                    "url": "[parameters('HttpServer1_properties_typeProperties_url')]",
                    "enableServerCertificateValidation": true,
                    "authenticationType": "Anonymous"
                }
            },
            "dependsOn": []
        },
        {
            "name": "[concat(parameters('factoryName'), '/AzureSqlDatabase1')]",
            "type": "Microsoft.DataFactory/factories/linkedServices",
            "apiVersion": "2018-06-01",
            "properties": {
                "annotations": [],
                "type": "AzureSqlDatabase",
                "typeProperties": {
                    "connectionString": "[parameters('AzureSqlDatabase1_connectionString')]"
                }
            },
            "dependsOn": []
        },
        {
            "name": "[concat(parameters('factoryName'), '/HttpServer2')]",
            "type": "Microsoft.DataFactory/factories/linkedServices",
            "apiVersion": "2018-06-01",
            "properties": {
                "annotations": [],
                "type": "HttpServer",
                "typeProperties": {
                    "url": "[parameters('HttpServer2_properties_typeProperties_url')]",
                    "enableServerCertificateValidation": true,
                    "authenticationType": "Anonymous"
                }
            },
            "dependsOn": []
        },
        {
            "name": "[concat(parameters('factoryName'), '/SourceDataset_5rz')]",
            "type": "Microsoft.DataFactory/factories/datasets",
            "apiVersion": "2018-06-01",
            "properties": {
                "linkedServiceName": {
                    "referenceName": "HttpServer1",
                    "type": "LinkedServiceReference"
                },
                "annotations": [],
                "type": "DelimitedText",
                "typeProperties": {
                    "location": {
                        "type": "HttpServerLocation",
                        "relativeUrl": "coldstart-orders-historical.csv"
                    },
                    "columnDelimiter": ",",
                    "rowDelimiter": "\n",
                    "escapeChar": "\\",
                    "firstRowAsHeader": true,
                    "quoteChar": "\""
                },
                "schema": [
                    {
                        "name": "User",
                        "type": "String"
                    },
                    {
                        "name": "Date",
                        "type": "String"
                    },
                    {
                        "name": "Id",
                        "type": "String"
                    },
                    {
                        "name": "IcecreamId",
                        "type": "String"
                    }
                ]
            },
            "dependsOn": [
                "[concat(variables('factoryId'), '/linkedServices/HttpServer1')]"
            ]
        },
        {
            "name": "[concat(parameters('factoryName'), '/DestinationDataset_5rz')]",
            "type": "Microsoft.DataFactory/factories/datasets",
            "apiVersion": "2018-06-01",
            "properties": {
                "linkedServiceName": {
                    "referenceName": "AzureSqlDatabase1",
                    "type": "LinkedServiceReference"
                },
                "annotations": [],
                "type": "AzureSqlTable",
                "schema": [
                    {
                        "name": "Id",
                        "type": "uniqueidentifier",
                        "precision": 0,
                        "scale": 0
                    },
                    {
                        "name": "User",
                        "type": "nvarchar",
                        "precision": 0,
                        "scale": 0
                    },
                    {
                        "name": "Date",
                        "type": "datetime",
                        "precision": 23,
                        "scale": 3
                    },
                    {
                        "name": "IcecreamId",
                        "type": "int",
                        "precision": 10,
                        "scale": 0
                    },
                    {
                        "name": "Status",
                        "type": "nvarchar",
                        "precision": 0,
                        "scale": 0
                    },
                    {
                        "name": "DriverId",
                        "type": "int",
                        "precision": 10,
                        "scale": 0
                    },
                    {
                        "name": "FullAddress",
                        "type": "nvarchar",
                        "precision": 0,
                        "scale": 0
                    },
                    {
                        "name": "LastPosition",
                        "type": "nvarchar",
                        "precision": 0,
                        "scale": 0
                    }
                ],
                "typeProperties": {
                    "schema": "dbo",
                    "table": "Orders"
                }
            },
            "dependsOn": [
                "[concat(variables('factoryId'), '/linkedServices/AzureSqlDatabase1')]"
            ]
        },
        {
            "name": "[concat(parameters('factoryName'), '/SourceDataset_qrt')]",
            "type": "Microsoft.DataFactory/factories/datasets",
            "apiVersion": "2018-06-01",
            "properties": {
                "linkedServiceName": {
                    "referenceName": "HttpServer2",
                    "type": "LinkedServiceReference"
                },
                "annotations": [],
                "type": "Json",
                "typeProperties": {
                    "location": {
                        "type": "HttpServerLocation",
                        "relativeUrl": "catalog.json"
                    }
                },
                "schema": {
                    "type": "object",
                    "properties": {
                        "icecreams": {
                            "type": "array",
                            "items": {
                                "type": "object",
                                "properties": {
                                    "Id": {
                                        "type": "integer"
                                    },
                                    "Name": {
                                        "type": "string"
                                    },
                                    "Description": {
                                        "type": "string"
                                    },
                                    "ImageUrl": {
                                        "type": "string"
                                    }
                                }
                            }
                        }
                    }
                }
            },
            "dependsOn": [
                "[concat(variables('factoryId'), '/linkedServices/HttpServer2')]"
            ]
        },
        {
            "name": "[concat(parameters('factoryName'), '/DestinationDataset_qrt')]",
            "type": "Microsoft.DataFactory/factories/datasets",
            "apiVersion": "2018-06-01",
            "properties": {
                "linkedServiceName": {
                    "referenceName": "AzureSqlDatabase1",
                    "type": "LinkedServiceReference"
                },
                "annotations": [],
                "type": "AzureSqlTable",
                "schema": [
                    {
                        "name": "Id",
                        "type": "int",
                        "precision": 10
                    },
                    {
                        "name": "Name",
                        "type": "nvarchar"
                    },
                    {
                        "name": "Description",
                        "type": "nvarchar"
                    },
                    {
                        "name": "ImageUrl",
                        "type": "nvarchar"
                    }
                ],
                "typeProperties": {
                    "schema": "dbo",
                    "table": "Icecreams"
                }
            },
            "dependsOn": [
                "[concat(variables('factoryId'), '/linkedServices/AzureSqlDatabase1')]"
            ]
        },
        {
            "name": "[concat(parameters('factoryName'), '/ImportOrders')]",
            "type": "Microsoft.DataFactory/factories/pipelines",
            "apiVersion": "2018-06-01",
            "properties": {
                "description": "Import existing pre-orders",
                "activities": [
                    {
                        "name": "Copy_5rz",
                        "type": "Copy",
                        "dependsOn": [],
                        "policy": {
                            "timeout": "7.00:00:00",
                            "retry": 0,
                            "retryIntervalInSeconds": 30,
                            "secureOutput": false,
                            "secureInput": false
                        },
                        "userProperties": [
                            {
                                "name": "Source",
                                "value": "coldstart-orders-historical.csv"
                            },
                            {
                                "name": "Destination",
                                "value": "dbo.Orders"
                            }
                        ],
                        "typeProperties": {
                            "source": {
                                "type": "DelimitedTextSource",
                                "storeSettings": {
                                    "type": "HttpReadSettings",
                                    "requestMethod": "GET"
                                },
                                "formatSettings": {
                                    "type": "DelimitedTextReadSettings",
                                    "skipLineCount": 0
                                }
                            },
                            "sink": {
                                "type": "AzureSqlSink"
                            },
                            "enableStaging": false,
                            "enableSkipIncompatibleRow": true,
                            "translator": {
                                "type": "TabularTranslator",
                                "mappings": [
                                    {
                                        "source": {
                                            "name": "Id",
                                            "type": "String",
                                            "physicalType": "String"
                                        },
                                        "sink": {
                                            "name": "Id",
                                            "type": "Guid",
                                            "physicalType": "uniqueidentifier"
                                        }
                                    },
                                    {
                                        "source": {
                                            "name": "User",
                                            "type": "String",
                                            "physicalType": "String"
                                        },
                                        "sink": {
                                            "name": "User",
                                            "type": "String",
                                            "physicalType": "nvarchar"
                                        }
                                    },
                                    {
                                        "source": {
                                            "name": "Date",
                                            "type": "String",
                                            "physicalType": "String"
                                        },
                                        "sink": {
                                            "name": "Date",
                                            "type": "DateTime",
                                            "physicalType": "datetime"
                                        }
                                    },
                                    {
                                        "source": {
                                            "name": "IcecreamId",
                                            "type": "String",
                                            "physicalType": "String"
                                        },
                                        "sink": {
                                            "name": "IcecreamId",
                                            "type": "Int32",
                                            "physicalType": "int"
                                        }
                                    }
                                ],
                                "typeConversion": true,
                                "typeConversionSettings": {
                                    "allowDataTruncation": true,
                                    "treatBooleanAsNumber": false
                                }
                            }
                        },
                        "inputs": [
                            {
                                "referenceName": "SourceDataset_5rz",
                                "type": "DatasetReference",
                                "parameters": {}
                            }
                        ],
                        "outputs": [
                            {
                                "referenceName": "DestinationDataset_5rz",
                                "type": "DatasetReference",
                                "parameters": {}
                            }
                        ]
                    }
                ],
                "annotations": [],
                "lastPublishTime": "2021-03-08T22:14:24Z"
            },
            "dependsOn": [
                "[concat(variables('factoryId'), '/datasets/SourceDataset_5rz')]",
                "[concat(variables('factoryId'), '/datasets/DestinationDataset_5rz')]"
            ]
        },
        {
            "name": "[concat(parameters('factoryName'), '/ImportIcecreams')]",
            "type": "Microsoft.DataFactory/factories/pipelines",
            "apiVersion": "2018-06-01",
            "properties": {
                "description": "Import icecreams",
                "activities": [
                    {
                        "name": "Copy_qrt",
                        "type": "Copy",
                        "dependsOn": [],
                        "policy": {
                            "timeout": "7.00:00:00",
                            "retry": 0,
                            "retryIntervalInSeconds": 30,
                            "secureOutput": false,
                            "secureInput": false
                        },
                        "userProperties": [
                            {
                                "name": "Source",
                                "value": "catalog.json"
                            },
                            {
                                "name": "Destination",
                                "value": "dbo.Icecreams"
                            }
                        ],
                        "typeProperties": {
                            "source": {
                                "type": "JsonSource",
                                "storeSettings": {
                                    "type": "HttpReadSettings",
                                    "requestMethod": "GET"
                                },
                                "formatSettings": {
                                    "type": "JsonReadSettings"
                                }
                            },
                            "sink": {
                                "type": "AzureSqlSink"
                            },
                            "enableStaging": false,
                            "enableSkipIncompatibleRow": true,
                            "translator": {
                                "type": "TabularTranslator",
                                "mappings": [
                                    {
                                        "source": {
                                            "path": "[['Id']"
                                        },
                                        "sink": {
                                            "name": "Id",
                                            "type": "Int32"
                                        }
                                    },
                                    {
                                        "source": {
                                            "path": "[['Name']"
                                        },
                                        "sink": {
                                            "name": "Name",
                                            "type": "String"
                                        }
                                    },
                                    {
                                        "source": {
                                            "path": "[['Description']"
                                        },
                                        "sink": {
                                            "name": "Description",
                                            "type": "String"
                                        }
                                    },
                                    {
                                        "source": {
                                            "path": "[['ImageUrl']"
                                        },
                                        "sink": {
                                            "name": "ImageUrl",
                                            "type": "String"
                                        }
                                    }
                                ],
                                "collectionReference": "$['icecreams']"
                            }
                        },
                        "inputs": [
                            {
                                "referenceName": "SourceDataset_qrt",
                                "type": "DatasetReference",
                                "parameters": {}
                            }
                        ],
                        "outputs": [
                            {
                                "referenceName": "DestinationDataset_qrt",
                                "type": "DatasetReference",
                                "parameters": {}
                            }
                        ]
                    }
                ],
                "annotations": [],
                "lastPublishTime": "2021-03-08T23:21:32Z"
            },
            "dependsOn": [
                "[concat(variables('factoryId'), '/datasets/SourceDataset_qrt')]",
                "[concat(variables('factoryId'), '/datasets/DestinationDataset_qrt')]"
            ]
        }
    ]
}