{
    "$schema": "https://schema.management.azure.com/schemas/2015-01-01/deploymentParameters.json#",
    "contentVersion": "1.0.0.0",
    "parameters": {
        "factoryName": {
            "value": "ColdStartChallenge2"
        },
        "AzureSqlDatabase1_connectionString": {
            "value": ""
        },
        "HttpServer1_properties_typeProperties_url": {
            "value": "https://raw.githubusercontent.com/nealrobben/ColdStartChallenge2021_Challenge2/master/data/"
        },
        "HttpServer2_properties_typeProperties_url": {
            "value": "https://raw.githubusercontent.com/nealrobben/ColdStartChallenge2021_Challenge2/master/api/shared/"
        },
        "containerUri": {
            "value": ""
        },
        "containerSasToken": {
            "value": ""
        }
    }
}